CG001Qv51Next001,200831_NB551381_0081_AHFY5KAFX2
CG001Qv51Next002,201002_NB551381_0087_AHFW2FAFX2
CG001Qv51Next003,201007_NB551381_0088_AHFYYHAFX2
CG001Qv51Next004,201009_NB551381_0089_AHFWCMAFX2
CG001Qv51Next005,201013_NB551381_0090_AHFW2GAFX2
CG001Qv51Next006,201016_NB551381_0091_AHFW22AFX2
CG001Qv51Next007,201023_NB551381_0093_AHFWLJAFX2
CG001Qv51Next008,201026_NB551381_0094_AHHH73AFX2
CG001Qv51Next009,201027_NB551381_0095_AHHGYHAFX2
CG001Qv51Next010,201029_NB551381_0096_AHHKM7AFX2
CG001Qv51Next011,201102_NB551381_0097_AHHKHWAFX2
CG001Qv51Next012,201104_NB551381_0098_AHHKK5AFX2
CG001Qv51Next015,201120_NB551381_0101_AHJLKMAFX2
CG001Qv51Next016,201123_NB551381_0102_AHJLHYAFX2
CG001Qv51Next017,201125_NB551381_0103_AHJLHWAFX2
CG001Qv51Next018,201127_NB551381_0104_AHJLGGAFX2
CG001Qv51Next019,201130_NB551381_0105_AHJLL7AFX2
CG001Qv51Next020,201202_NB551381_0106_AHJLHLAFX2
CG001Qv51Next021,201207_NB551381_0107_AHJLJYAFX2
CG001Qv51Next024,210121_NB551381_0110_AHJM5HAFX2
CG001Qv51Next025,210125_NB551381_0111_AHJLY3AFX2
CG001Qv51Next026,210129_NB551381_0114_AHKFMWAFX2
CG001Qv51Next032,210205_NB551381_0118_AHMHT3AFX2
CG001Qv51Next034,210217_NB551381_0120_AHMHG7AFX2
